INSERT INTO `users` VALUES
('anna@3','123','Anna','Hansen','Selvstændig','87654321'),
('bell_m@hotmail.com','12345','Maria','Bell','Marias Web','(534) 522-1224'),
('cwa@mail.com','12','12','12','12','12'),
('davids@hotmail.com','12345','David','Smith','David and Co','(234) 455-4545'),
('drogers83@yahoo.com','12345','David','Rogers','Rogers IT solutions','(555) 555-1234'),
('ems@123','123','hej','hejsa','hello','22001100'),
('jj234@mail.com','12345','James','Jonson','JJ-agriculture','(535) 555-1278'),
('m_anderson@hotmail.com','12345','Mike','Anderson','Anderson construction','(523) 552-1224'),
('mark_mark@outlook.com','12345','Mark','Morgan','Global Solutions','(655) 755-1234'),
('miller-m@mail.com','12345','Morris','Miller','Miller bikes','(555) 558-4569'),
('mmbrown11@gmail.com','12345','Michael','Brown','Family brown farms','(355) 455-1234'),
('n.y.movers@mail.com','12345','Jack','Morrison','N.Y. movers','(555) 555-3c44'),
('pmiller@yahoo.com','12345','Paul','Miller','Miller and sons','(511) 533-1934'),
('pt@hotmail.com','12','Peter','T','Peters Byggeservice','10203040'),
('s_maria@gmail.com','12345','Maria','Sanders','Marias transport','(554) 535-1234'),
('sanders_po22@mail.com','12345','Paul','Sanders','Sanders logistics','(555) 555-6541'),
('vs@hotmail.com','12','Vitaliy','Serdyukov','KEA student','12345678'),
('wm45@gmail.com','12345','Morgan','Wright','Wrights multiservice','(534) 555-1234');


INSERT INTO `projects` VALUES
(195,'new2','IT',6000,'2021-12-16','2021-12-17','vs@hotmail.com','1112222'),
(305,'blablablabla12','IT',123,'2021-12-03','2021-12-04','cwa@mail.com',''),
(325,'PROJECT','BYGGERI',13,'2021-12-30','2021-12-25','vs@hotmail.com','sdsdsfdfs'),
(475,'remove teammate Test','IT',10,'2021-12-08','2021-12-17','cwa@mail.com','taskUpdateTest'),
(485,'træhus','IT',50,'2021-12-15','2021-12-22','ems@123','bygge træhus'),
(495,'IT projekt','IT',100,'2021-12-20','2021-12-27','ems@123','.'),
(705,'hus','BYGGERI',30,'2022-01-01','2022-01-20','ems@123','e'),
(745,'Bygge nyt hus i Fredensborg','IT',23500,'2021-12-16','2024-06-16','pt@hotmail.com','Mit nye hus'),
(746,'Bygge et sommerhus i Jyllinge','BYGGERI',5000,'2021-12-17','2022-08-17','pt@hotmail.com','Huset til kunden i Jyllinge'),
(747,'Et maskinhus i Ølstykke','IT',3000,'2021-12-17','2022-08-08','pt@hotmail.com','Et maskinhus til landmand Erik Christensen');


INSERT INTO `subprojects` VALUES
(225,325,'SUBPROJECT',11,'2022-01-08','2021-12-31','sdsds'),
(395,325,'asdasd',7,'2021-12-09','2021-12-24','sdsdsd'),
(405,325,'sssaaa',6,'2021-12-02','2021-12-02','asas'),
(455,305,'123123',123,'2021-12-15','2021-12-30','123123123'),
(475,305,'testCWAname',1337,'2021-12-07','2021-12-14','testCWAdesc'),
(495,305,'subP1',5,'2021-12-07','2021-12-24','christmas'),
(505,305,'christmas',4,'2021-12-01','2021-12-24',''),
(515,195,'888',200,'2021-12-18','2021-12-19','000'),
(525,475,'taskUpdateTest',5,'2021-12-16','2021-12-30','taskUpdateTest'),
(545,485,'bålplads',30,'2021-12-21','2021-12-24','.'),
(695,195,'1122',6,'2021-12-14','2021-12-15','112233'),
(735,195,'50',50,'2021-12-16','2021-12-16',''),
(745,195,'sds',3,'2021-12-16','2021-12-17','sdsd'),
(825,195,'323',609,'2021-12-15','2021-12-16','sdd'),
(865,745,'Lægge et fundament',1500,'2021-12-16','2022-04-16','Husets fundament'),
(875,745,'Opførsel ydervægge',2500,'2022-04-16','2022-07-30','Ydervægge opførsel'),
(885,745,'Oprettelse af interne skillevægge',2000,'2022-07-16','2022-10-16',''),
(895,745,'Tagdækning',3000,'2022-10-16','2022-12-16',''),
(905,745,'Installation af ventilations- og klimaanlæg',2000,'2022-12-16','2023-02-16','Frisk luft er vigtig'),
(915,745,'Installation af lyd- og varmeisolering',2000,'2023-02-16','2023-04-16','Vi skal helst ikke høre hvad os andre laver'),
(916,745,'Elektrisk installationsarbejde',2000,'2023-04-16','2023-06-16','Man skal også have strøm hjemme'),
(917,745,'Installation af vinduer og døre',200,'2023-06-16','2023-06-17','Så trækker der ikke længere'),
(918,745,'Installation af varme-, vandforsynings- og kloaksystemer',2000,'2023-07-16','2023-09-19','Så er der toiletter, endeligt..'),
(919,745,'Indvendig arbejde',5000,'2023-09-20','2024-02-20','Så, kan man flytte ind lige om lidt'),
(920,746,'Bestille et project hos et arkitektfirma',100,'2021-12-17','2021-12-31','Start for projektet'),
(921,746,'Bestille træ hos XL byg',100,'2022-01-01','2022-01-15',''),
(922,746,'Find flere medarbejdere',100,'2022-01-15','2022-01-30','Ser som om at vi kan ikke blive færdig til tiden :('),
(923,746,'Bestille beton',100,'2022-02-22','2022-02-25',''),
(924,746,'Starte med fundament',300,'2022-03-01','2022-03-15',''),
(925,747,'Lave en byggeplan sammen med kunden',50,'2021-12-17','2021-12-23','');


INSERT INTO `tasks` VALUES
(225,'TASK',7,'2021-12-09','2021-12-16','sdsds'),
(225,'TASK4sd',7,'2021-12-16','2021-12-09','sdsd'),
(455,'taskTest1',12,'2021-12-08','2021-12-09','testdesc'),
(505,'dance around the tree',1,'2021-12-24','2021-12-24',''),
(525,'taskUpdateTestTest1338',1338,'2021-12-16','2022-01-01','taskUpdateTestTest1337DESC'),
(515,'as',6,'2021-12-18','2021-12-19','ass'),
(865,'Grav et hul',200,'2021-12-16','2022-01-16','Et hul til kælderen'),
(865,'Design',50,'2021-12-16','2021-12-23',''),
(865,'Oppakning',100,'2021-12-24','2021-12-31','Husk bestille træbrædder i god tid'),
(865,'Logning',150,'2022-01-01','2022-01-15',''),
(865,'Rustning',200,'2022-01-15','2022-02-15',''),
(865,'Lapning',300,'2022-02-22','2022-03-15',''),
(865,'Vandtætning og fremstilling',300,'2022-03-15','2022-04-15','Så er fundamentet færdig'),
(875,'Indkøb af gasbeton',25,'2022-04-20','2022-04-25',''),
(875,'Indkøb af mursten',10,'2022-04-25','2022-04-30',''),
(875,'Bygge en sokkel',200,'2022-05-01','2022-06-01',''),
(875,'Bygge vægge af gasbeton',500,'2022-06-02','2022-07-15',''),
(875,'Montere varmeisolireng i vægge',200,'2022-07-15','2022-07-16',''),
(875,'Lægge mursten',500,'2022-07-16','2022-07-29',''),
(885,'Købe gipsplader',49,'2022-07-16','2022-07-25',''),
(885,'Købe metalskinner',50,'2022-07-25','2022-07-30',''),
(885,'Montere vægge',500,'2022-08-01','2022-08-30',''),
(920,'Ringe op flere arkitektfirmaer',20,'2021-12-17','2021-12-24','Skal nemlig høre om priser for projekt'),
(920,'Afhente et tilbud',40,'2021-12-25','2021-12-28',''),
(920,'Lave evt ændrenger',20,'2021-12-28','2021-12-29',''),
(920,'Betale til arkitekt',20,'2021-12-29','2021-12-31','');


INSERT INTO `teammates` VALUES
(195,'asaasas@sdsdssd',0),
(195,'teammate@google.com',0),
(305,'test@mail.com',0),
(195,'dsdsd@vcxxc',0),
(195,'ssds@ssds',0),
(195,'vs@hotmail.com',0),
(195,'dsdsd@vcxxcsdsd',14),
(475,'uniqueTEST@mail.com',10),
(475,'test@mail.com2',12),
(195,'we@dfdfw',2),
(195,'sd@sd',6),(305,'test@mail.com55',12),
(745,'pt@hotmail.com',4),
(746,'pt@hotmail.com',5),
(746,'vs@hotmail.com',8),
(746,'l-nielsen@mail.dk',7),
(746,'k_jensen98@hotmail.com',8),
(747,'pt@hotmail.com',5),
(745,'vs@hotmail.com',5);
